SHOW,LOCATION,VENUE,DATES,TICKETS
& Juliet,"Fort Lauderdale, FL",Broward Center For The Perf. Arts,Jan 13 - Jan 25,https://www.ticketmaster.com/aurene-theater-at-the-broward-center-tickets-ft-lauderdale/venue/106543
& Juliet,"Naples, FL",Hayes Hall,Jan 27 - Feb 1,https://artisnaples.org/events/
& Juliet,"Fort Myers, FL",Barbara B. Mann Performing Arts Hall,Feb 3 - Feb 8,https://www.bbmannpah.com/events
& Juliet,"Tampa, FL",Straz Center for the Performing Arts,Feb 10 - Feb 15,https://www.strazcenter.org/tickets-events/upcoming-broadway/
& Juliet,"North Charleston, SC",North Charleston Coliseum & PAC,Feb 17 - Feb 22,https://www.ticketmaster.com/north-charleston-performing-arts-center-tickets-north-charleston/venue/369120
& Juliet,"Huntsville, AL",Von Braun Center,Feb 24 - Mar 1,https://www.vonbrauncenter.com/events-tickets/upcoming-events/
& Juliet,"Omaha, NE",Orpheum Theater,Mar 3 - Mar 8,http://www.ticketomaha.com/
& Juliet,"Grand Rapids, MI",DeVos Hall,Mar 10 - Mar 15,http://www.ticketmaster.com/venue/65699/
& Juliet,"Ottawa, ON",National Arts Centre: Southam Hall,Mar 24 - Mar 29,https://www.ticketmaster.ca/venue/401547
& Juliet,"Detroit, MI",Fisher Theatre,Mar 31 - Apr 12,https://www.ticketmaster.com/venue/65546
& Juliet,"Hershey, PA",Hershey Theatre,Apr 14 - Apr 19,
& Juliet,"Syracuse, NY",Landmark Theatre,Apr 21 - Apr 26,http://www.ticketmaster.com/venue/168
& Juliet,"Schenectady, NY",Proctors,Apr 28 - May 3,http://tickets.proctors.org/
& Juliet,"Hartford, CT",Bushnell,May 5 - May 10,https://bushnell.org/shows-concerts
& Juliet,"Richmond, VA",Altria Theater,May 12 - May 17,http://www.altriatheater.com/events
& Juliet,"Birmingham, AL",Birmingham-Jefferson Concert Hall,May 19 - May 24,http://www.magicspace.net/birmingham/#.UcykAeusZNE
& Juliet,"Fayetteville, AR",Walton Arts Center,May 26 - May 31,https://waltonartscenter.org/tickets/calendar/
& Juliet,"Appleton, WI",Fox Cities Performing Arts Center,Jun 2 - Jun 7,https://foxcitiespac.com/events/category/broadway-series/
& Juliet,"Milwaukee, WI",Uihlein Hall at Marcus Performing Arts Center,Jun 9 - Jun 14,https://www.ticketmaster.com/uihlein-hall-marcus-center-tickets-milwaukee/venue/57493
& Juliet,"Indianapolis, IN",Clowes Memorial Hall,Jun 16 - Jun 21,http://www.ticketmaster.com/venue/41111/?search_redirect=clowes%20memorial%20hall&tm_link=tm_header_search
& Juliet,"East Lansing, MI",Wharton Center for the Performing Arts,Jun 23 - Jun 28,https://www.whartoncenter.com/events
& Juliet,"San Antonio, TX",Majestic Theatre,Jul 7 - Jul 12,https://www.majesticempire.com/events/
& Juliet,"Austin, TX",Bass Concert Hall @ U of TX at Austin,Jul 14 - Jul 19,https://austin.broadway.com/shows/
& Juliet,"Chicago, IL",Auditorium Theatre of Roosevelt Univ.,Jul 22 - Aug 2,http://www.ticketmaster.com/venue/57351
& Juliet,"Knoxville, TN",Tennessee Theatre,Aug 4 - Aug 9,https://www.ticketmaster.com/tennessee-theatre-tickets-knoxville/venue/222323
A Beautiful Noise,"Salt Lake City, UT",Eccles Theater,Jan 20 - Jan 25,https://saltlakecity.broadway.com/shows/
A Beautiful Noise,"Tempe, AZ",ASU Gammage,Jan 27 - Feb 1,https://www.ticketmaster.com/asu-gammage-tickets-tempe/venue/204814
A Beautiful Noise,"Albuquerque, NM",Popejoy Hall,Feb 3 - Feb 8,http://popejoypresents.com/tickets
A Beautiful Noise,"Omaha, NE",Orpheum Theater,Feb 10 - Feb 15,http://www.ticketomaha.com/
A Beautiful Noise,"Tulsa, OK",Chapman Music Hall At Tulsa PAC,Feb 17 - Feb 22,https://am.ticketmaster.com/tulsapac/buy
A Beautiful Noise,"San Antonio, TX",Majestic Theatre,Feb 24 - Mar 1,https://www.majesticempire.com/events/
A Beautiful Noise,"Oklahoma City, OK",Civic Center Music Hall,Mar 3 - Mar 8,https://www.okcciviccenter.com/event-calendar/get-tickets
A Beautiful Noise,"Dallas, TX",Music Hall At Fair Park,Mar 10 - Mar 22,http://www.ticketmaster.com/venue/98325/
A Beautiful Noise,"Naples, FL",Hayes Hall,Mar 24 - Mar 29,https://artisnaples.org/events/
A Beautiful Noise,"Sarasota, FL",Van Wezel Performing Arts Hall,Mar 31 - Apr 4,https://www.vanwezel.org/events
A Beautiful Noise,"West Palm Beach, FL",Kravis Center For The Performing Arts,Apr 7 - Apr 12,https://www.kravis.org/performance-calendar/
A Beautiful Noise,"Jacksonville, FL",Jacksonville Center for the Performing Arts: Moran Theatre,Apr 14 - Apr 19,https://www.fscjartistseries.org/tickets
A Beautiful Noise,"Rochester, NY",Auditorium Theatre,Apr 21 - Apr 26,http://www.ticketmaster.com/venue/164/?search_redirect=aud%20theatre&tm_link=tm_header_search
A Beautiful Noise,"Toronto, ON",Princess of Wales,Apr 28 - Jun 7,
A Beautiful Noise,"Syracuse, NY",Landmark Theatre,Jun 9 - Jun 14,http://www.ticketmaster.com/venue/168
A Beautiful Noise,"Toledo, OH",Stranahan Theater And Great Hall,Jun 16 - Jun 21,http://www.ticketmaster.com/venue/65569/
A Beautiful Noise,"Baltimore, MD",Hippodrome Theatre,Jun 23 - Jun 28,https://baltimore.broadway.com/shows/
A Beautiful Noise,"Hershey, PA",Hershey Theatre,Jun 30 - Jul 5,
Back to the Future: The Musical,"Richmond, VA",Altria Theater,Jan 20 - Jan 25,http://www.altriatheater.com/events
Back to the Future: The Musical,"Fort Lauderdale, FL",Broward Center For The Perf. Arts,Feb 3 - Feb 15,https://www.ticketmaster.com/aurene-theater-at-the-broward-center-tickets-ft-lauderdale/venue/106543
Back to the Future: The Musical,"Fort Myers, FL",Barbara B. Mann Performing Arts Hall,Feb 17 - Feb 22,https://www.bbmannpah.com/events
Back to the Future: The Musical,"Baltimore, MD",Hippodrome Theatre,Feb 24 - Mar 1,https://baltimore.broadway.com/shows/
Back to the Future: The Musical,"Memphis, TN",Orpheum Theatre - Memphis,Mar 3 - Mar 8,https://orpheum-memphis.com/events
Back to the Future: The Musical,"Madison, WI",Overture Center,Mar 10 - Mar 15,https://www.overture.org/tickets-events/upcoming-events/
Back to the Future: The Musical,"Nashville, TN",Tennessee Performing Arts Center,Mar 17 - Mar 22,https://www.tpac.org/events-tickets/
Back to the Future: The Musical,"Fort Worth, TX",Bass Performance Hall,Mar 24 - Mar 29,https://www.basshall.com/tickets-events/now-on-sale/
Back to the Future: The Musical,"Houston, TX",Hobby Center For The Perf. Arts,Mar 31 - Apr 5,http://www.thehobbycenter.org/index.php?q=node/133
Back to the Future: The Musical,"Tucson, AZ",Centennial Hall,Apr 14 - Apr 19,https://broadwayintucson.com/shows/
Back to the Future: The Musical,"Sacramento, CA",SAFE Credit Union Performing Arts Center,May 13 - May 24,https://www.broadwaysacramento.com/broadway-on-tour-2/
Back to the Future: The Musical,"Spokane, WA",First Interstate Center for the Arts,May 26 - May 31,https://www.broadwayspokane.com/events
Back to the Future: The Musical,"San Jose, CA",San Jose Center For The Perf. Arts,Jun 2 - Jun 7,https://www.ticketmaster.com/venue/229426
Back to the Future: The Musical,"Salt Lake City, UT",Eccles Theater,Jun 9 - Jun 14,https://saltlakecity.broadway.com/shows/
Back to the Future: The Musical,"Portland, OR",Keller Auditorium,Jun 16 - Jun 21,https://portland.broadway.com/shows/
Back to the Future: The Musical,"Washington, DC",Opera House,Jul 7 - Jul 19,
Beauty and the Beast,"Oklahoma City, OK",Civic Center Music Hall,Jan 20 - Jan 25,https://www.okcciviccenter.com/event-calendar/get-tickets
Beauty and the Beast,"Tulsa, OK",Chapman Music Hall At Tulsa PAC,Jan 27 - Feb 1,https://am.ticketmaster.com/tulsapac/buy
Beauty and the Beast,"Fayetteville, AR",Walton Arts Center,Feb 3 - Feb 8,https://waltonartscenter.org/tickets/calendar/
Beauty and the Beast,"Philadelphia, PA",Academy of Music: Kimmel Center,Feb 11 - Feb 22,https://www.ensembleartsphilly.org/tickets-and-events/events?Genre=Broadway
Beauty and the Beast,"Pittsburgh, PA",Benedum Center,Feb 24 - Mar 1,https://trustarts.org/calendar
Beauty and the Beast,"Richmond, VA",Altria Theater,Mar 3 - Mar 8,http://www.altriatheater.com/events
Beauty and the Beast,"Louisville, KY",Kentucky Center For The Perf. Arts,Mar 10 - Mar 15,https://www.kentuckyperformingarts.org/all-shows?venue=1&genre=2&date=undefined
Beauty and the Beast,"Washington, DC",National Theatre,Mar 18 - Apr 5,https://www.broadwayatthenational.com/shows/
Beauty and the Beast,"Hartford, CT",Bushnell,Apr 7 - Apr 12,https://bushnell.org/shows-concerts
Beauty and the Beast,"Boston, MA",Emerson Colonial Theatre,Apr 14 - May 2,https://boston.broadway.com/shows/
Beauty and the Beast,"Indianapolis, IN",Murat Centre,May 5 - May 10,https://www.ticketmaster.com/old-national-centre-tickets-indianapolis/venue/42026
Beauty and the Beast,"Madison, WI",Overture Center,May 12 - May 17,https://www.overture.org/tickets-events/upcoming-events/
Beauty and the Beast,"Knoxville, TN",Tennessee Theatre,May 20 - May 24,https://www.ticketmaster.com/tennessee-theatre-tickets-knoxville/venue/222323
Beauty and the Beast,"Atlanta, GA",Fox Theatre,May 26 - May 31,https://www.foxtheatre.org/events
Beauty and the Beast,"Memphis, TN",Orpheum Theatre - Memphis,Jun 2 - Jun 7,https://orpheum-memphis.com/events
Beauty and the Beast,"El Paso, TX",The Plaza Theatre,Jun 10 - Jun 14,https://www.ticketmaster.com/venue/98962
Beauty and the Beast,"Tucson, AZ",Centennial Hall,Jun 16 - Jun 21,https://broadwayintucson.com/shows/
Beauty and the Beast,"Tempe, AZ",ASU Gammage,Jun 24 - Jul 3,https://www.ticketmaster.com/asu-gammage-tickets-tempe/venue/204814
Beauty and the Beast,"San Diego, CA",San Diego Civic Theatre,Jul 7 - Jul 12,http://www.ticketmaster.com/venue/82007
Beauty and the Beast,"San Francisco, CA",Curran Theatre,Jul 14 - Aug 9,https://www.broadwaysf.com/events/
Beauty and the Beast,"Los Angeles, CA",Pantages Theatre,Aug 11 - Sep 6,https://www.ticketmaster.com/hollywood-pantages-theatre-tickets-los-angeles/venue/90160
The Great Gatsby,"Baltimore, MD",Hippodrome Theatre,Jan 31 - Feb 7,https://baltimore.broadway.com/shows/
The Great Gatsby,"Louisville, KY",Kentucky Center For The Perf. Arts,Feb 10 - Feb 15,https://www.kentuckyperformingarts.org/all-shows?venue=1&genre=2&date=undefined
The Great Gatsby,"Dallas, TX",Music Hall At Fair Park,Feb 17 - Mar 1,http://www.ticketmaster.com/venue/98325/
The Great Gatsby,"Houston, TX",Hobby Center For The Perf. Arts,Mar 3 - Mar 8,http://www.thehobbycenter.org/index.php?q=node/133
The Great Gatsby,"Austin, TX",Bass Concert Hall @ U of TX at Austin,Mar 10 - Mar 15,https://austin.broadway.com/shows/
The Great Gatsby,"Kansas City, MO",Municipal Auditorium Music Hall,Mar 17 - Mar 22,http://www.ticketmaster.com/venue/49167
The Great Gatsby,"New Orleans, LA",Saenger Theatre,Mar 24 - Mar 29,https://www.saengernola.com/events/
The Great Gatsby,"Greenville, SC",Peace Center For The Perf. Arts,Mar 31 - Apr 5,https://www.peacecenter.org/events
The Great Gatsby,"Toledo, OH",Stranahan Theater And Great Hall,Apr 7 - Apr 12,http://www.ticketmaster.com/venue/65569/
The Great Gatsby,"Appleton, WI",Fox Cities Performing Arts Center,Apr 14 - Apr 19,https://foxcitiespac.com/events/category/broadway-series/
The Great Gatsby,"Chicago, IL",Cadillac Palace Theatre,Apr 21 - May 3,http://www.ticketmaster.com/venue/57562
The Great Gatsby,"Durham, NC",Durham Performing Arts Center,May 5 - May 10,https://www.ticketmaster.com/dpac-durham-performing-arts-center-tickets-durham/venue/369510
The Great Gatsby,"Washington, DC",National Theatre,May 12 - May 24,https://www.broadwayatthenational.com/shows/
The Great Gatsby,"Pittsburgh, PA",Benedum Center,May 26 - May 31,https://trustarts.org/calendar
The Great Gatsby,"Minneapolis, MN",Orpheum Theatre,Jun 2 - Jun 7,http://www.ticketmaster.com/venue/49292
The Great Gatsby,"Cleveland, OH",Connor Palace,Jun 9 - Jun 28,https://www.playhousesquare.org/multicategory/category/broadway
The Great Gatsby,"Boston, MA",Emerson Colonial Theatre,Jul 7 - Jul 19,https://boston.broadway.com/shows/
The Great Gatsby,"Grand Rapids, MI",DeVos Hall,Jul 21 - Jul 26,http://www.ticketmaster.com/venue/65699/
The Great Gatsby,"Madison, WI",Overture Center,Jul 28 - Aug 2,https://www.overture.org/tickets-events/upcoming-events/
The Great Gatsby,"Toronto, ON",Ed Mirvish Theatre,Aug 4 - Sep 6,
The Great Gatsby,"Charlotte, NC",Blumenthal Center: Belk Theater,Oct 13 - Oct 18,https://www.blumenthalarts.org/events
Hamilton,"Milwaukee, WI",Uihlein Hall at Marcus Performing Arts Center,Jan 20 - Feb 1,https://www.ticketmaster.com/uihlein-hall-marcus-center-tickets-milwaukee/venue/57493
Hamilton,"Appleton, WI",Fox Cities Performing Arts Center,Feb 3 - Feb 15,https://foxcitiespac.com/events/category/broadway-series/
Hamilton,"Kansas City, MO",Municipal Auditorium Music Hall,Feb 18 - Mar 1,http://www.ticketmaster.com/venue/49167
Hamilton,"Chicago, IL",CIBC Theatre,Mar 4 - Apr 26,http://www.ticketmaster.com/venue/57402/?brand=broadwayi
Hamilton,"Detroit, MI",Fisher Theatre,Apr 29 - May 17,https://www.ticketmaster.com/venue/65546
Hamilton,"Durham, NC",Durham Performing Arts Center,May 20 - Jun 14,https://www.ticketmaster.com/dpac-durham-performing-arts-center-tickets-durham/venue/369510
Hamilton,"Nashville, TN",Tennessee Performing Arts Center,Jun 17 - Jun 28,https://www.tpac.org/events-tickets/
Hamilton,"Louisville, KY",Kentucky Center For The Perf. Arts,Jun 30 - Jul 12,https://www.kentuckyperformingarts.org/all-shows?venue=1&genre=2&date=undefined
Hamilton,"Fort Worth, TX",Bass Performance Hall,Jul 15 - Jul 26,https://www.basshall.com/tickets-events/now-on-sale/
Hamilton,"San Antonio, TX",Majestic Theatre,Jul 28 - Aug 9,https://www.majesticempire.com/events/
Harry Potter and the Cursed Child,"Orlando, FL",Dr. Phillips Center for the Performing Arts: Walt Disney Theater,Jan 24 - Feb 15,https://www.drphillipscenter.org/events/
Harry Potter and the Cursed Child,"Atlanta, GA",Fox Theatre,Feb 28 - Mar 15,https://www.foxtheatre.org/events
Harry Potter and the Cursed Child,"St. Louis, MO",Fox Theatre,Mar 28 - Apr 12,https://www.metrotix.com/events/venue/fox-theatre
Harry Potter and the Cursed Child,"Minneapolis, MN",Orpheum Theatre,Apr 25 - May 17,http://www.ticketmaster.com/venue/49292
Harry Potter and the Cursed Child,"Denver, CO",Buell Theatre,May 30 - Jun 21,https://www.denvercenter.org/tickets-events/?_event_type=broadway
Harry Potter and the Cursed Child,"Costa Mesa, CA",Segerstrom Center for the Arts,Jul 11 - Jul 25,https://www.scfta.org/shows-events
Hell's Kitchen,"Cincinnati, OH",Aronoff Center: Procter & Gamble Hall,Jan 13 - Jan 25,https://www.cincinnatiarts.org/events
Hell's Kitchen,"St. Louis, MO",Fox Theatre,Jan 27 - Feb 8,https://www.metrotix.com/events/venue/fox-theatre
Hell's Kitchen,"Greenville, SC",Peace Center For The Perf. Arts,Feb 10 - Feb 15,https://www.peacecenter.org/events
Hell's Kitchen,"Durham, NC",Durham Performing Arts Center,Feb 17 - Feb 22,https://www.ticketmaster.com/dpac-durham-performing-arts-center-tickets-durham/venue/369510
Hell's Kitchen,"Greensboro, NC",Steven Tanger Center for the Performing Arts,Feb 24 - Mar 1,https://www.ticketmaster.com/venue/369803
Hell's Kitchen,"Orlando, FL",Dr. Phillips Center for the Performing Arts: Walt Disney Theater,Mar 3 - Mar 8,https://www.drphillipscenter.org/events/
Hell's Kitchen,"Fort Lauderdale, FL",Broward Center For The Perf. Arts,Mar 10 - Mar 22,https://www.ticketmaster.com/aurene-theater-at-the-broward-center-tickets-ft-lauderdale/venue/106543
Hell's Kitchen,"Tampa, FL",Straz Center for the Performing Arts,Mar 24 - Apr 4,https://www.strazcenter.org/tickets-events/upcoming-broadway/
Hell's Kitchen,"Oklahoma City, OK",Civic Center Music Hall,Apr 7 - Apr 12,https://www.okcciviccenter.com/event-calendar/get-tickets
Hell's Kitchen,"Denver, CO",Buell Theatre,Apr 14 - Apr 26,https://www.denvercenter.org/tickets-events/?_event_type=broadway
Hell's Kitchen,"Tempe, AZ",ASU Gammage,Apr 28 - May 3,https://www.ticketmaster.com/asu-gammage-tickets-tempe/venue/204814
Hell's Kitchen,"San Francisco, CA",Orpheum Theatre,May 6 - May 24,https://www.broadwaysf.com/events/
Hell's Kitchen,"Los Angeles, CA",Pantages Theatre,May 26 - Jun 21,https://www.ticketmaster.com/hollywood-pantages-theatre-tickets-los-angeles/venue/90160
Hell's Kitchen,"Las Vegas, NV",The Smith Center,Jun 23 - Jun 28,https://thesmithcenter.com/calendar/?categories=Broadway
Hell's Kitchen,"Reno, NV",Pioneer Center,Jun 30 - Jul 5,https://www.pioneercenter.com/
Hell's Kitchen,"Salt Lake City, UT",Eccles Theater,Jul 7 - Jul 12,https://saltlakecity.broadway.com/shows/
Hell's Kitchen,"Seattle, WA",Paramount Theatre,Jul 21 - Jul 26,https://www.ticketmaster.com/paramount-theatre-tickets-seattle/venue/122980
Hell's Kitchen,"Sacramento, CA",SAFE Credit Union Performing Arts Center,Jul 29 - Aug 9,https://www.broadwaysacramento.com/broadway-on-tour-2/
Hell's Kitchen,"San Diego, CA",San Diego Civic Theatre,Aug 11 - Aug 16,http://www.ticketmaster.com/venue/82007
Hell's Kitchen,"Tucson, AZ",Centennial Hall,Aug 18 - Aug 23,https://broadwayintucson.com/shows/
Hell's Kitchen,"Charlotte, NC",Blumenthal Center: Belk Theater,Sep 8 - Sep 13,https://www.blumenthalarts.org/events
Kimberly Akimbo,"Kansas City, MO",Kauffman Center for the Perf. Arts,Jan 20 - Jan 25,http://www.kauffmancenter.org
Kimberly Akimbo,"Grand Rapids, MI",DeVos Hall,Jan 27 - Feb 1,http://www.ticketmaster.com/venue/65699/
Kimberly Akimbo,"Des Moines, IA",Des Moines Civic Center,Feb 3 - Feb 8,https://www.desmoinesperformingarts.org/whats-on/list
Kimberly Akimbo,"Madison, WI",Overture Center,Feb 10 - Feb 15,https://www.overture.org/tickets-events/upcoming-events/
Kimberly Akimbo,"Milwaukee, WI",Uihlein Hall at Marcus Performing Arts Center,Feb 17 - Feb 22,https://www.ticketmaster.com/uihlein-hall-marcus-center-tickets-milwaukee/venue/57493
Kimberly Akimbo,"St. Paul, MN",Ordway Center For The Perf. Arts,Feb 24 - Mar 1,https://boxoffice.ordway.org/online/
Kimberly Akimbo,"Appleton, WI",Fox Cities Performing Arts Center,Mar 3 - Mar 8,https://foxcitiespac.com/events/category/broadway-series/
Kimberly Akimbo,"East Lansing, MI",Wharton Center for the Performing Arts,Mar 10 - Mar 15,https://www.whartoncenter.com/events
Kimberly Akimbo,"Buffalo, NY",Shea's Performing Arts Center,Mar 17 - Mar 22,http://www.ticketmaster.com/venue/160
Kimberly Akimbo,"Rochester, NY",Auditorium Theatre,Mar 24 - Mar 29,http://www.ticketmaster.com/venue/164/?search_redirect=aud%20theatre&tm_link=tm_header_search
Kimberly Akimbo,"Fort Myers, FL",Barbara B. Mann Performing Arts Hall,Apr 1 - Apr 5,https://www.bbmannpah.com/events
Kimberly Akimbo,"Fort Lauderdale, FL",Broward Center For The Perf. Arts,Apr 7 - Apr 12,https://www.ticketmaster.com/aurene-theater-at-the-broward-center-tickets-ft-lauderdale/venue/106543
Kimberly Akimbo,"Orlando, FL",Dr. Phillips Center for the Performing Arts: Walt Disney Theater,Apr 14 - Apr 19,https://www.drphillipscenter.org/events/
Kimberly Akimbo,"Greensboro, NC",Steven Tanger Center for the Performing Arts,Apr 21 - Apr 26,https://www.ticketmaster.com/venue/369803
Kimberly Akimbo,"Baltimore, MD",Hippodrome Theatre,Apr 28 - May 3,https://baltimore.broadway.com/shows/
Kimberly Akimbo,"Providence, RI",Providence Performing Arts Center,May 5 - May 10,https://www.ppacri.org/events
Kimberly Akimbo,"New Haven, CT",Shubert Theatre,May 14 - May 17,https://www.shubert.com/events
Kimberly Akimbo,"Red Bank, NJ",Count Basie Theatre,May 21 - May 24,
Les Misérables,"Nashville, TN",Tennessee Performing Arts Center,Jan 20 - Jan 25,https://www.tpac.org/events-tickets/
Les Misérables,"Columbus, OH",Ohio Theatre,Jan 27 - Feb 1,http://www.ticketmaster.com/venue/41027
Les Misérables,"Dayton, OH",Benjamin & Marian Schuster Performing Arts Center,Feb 3 - Feb 8,https://www.daytonlive.org/events/
Les Misérables,"Peoria, IL",Peoria Civic Center Theatre,Feb 10 - Feb 15,
Les Misérables,"Minneapolis, MN",Orpheum Theatre,Feb 17 - Feb 22,http://www.ticketmaster.com/venue/49292
Les Misérables,"Winnipeg, MB",Centennial Concert Hall,Feb 24 - Mar 1,
Les Misérables,"Calgary, AB",Southern Alberta Jubilee Auditorium,Mar 4 - Mar 8,http://www.ticketmaster.ca/venue/139345
Les Misérables,"Edmonton, AB",Northern Alberta Jubilee Auditorium,Mar 10 - Mar 15,http://www.ticketmaster.ca/venue/139306
Les Misérables,"Vancouver, BC",Queen Elizabeth Theatre,Mar 18 - Mar 29,http://www.ticketmaster.com/Queen-Elizabeth-Theatre-tickets-Vancouver/venue/139293
Les Misérables,"Portland, OR",Keller Auditorium,Mar 31 - Apr 5,https://portland.broadway.com/shows/
Les Misérables,"Seattle, WA",Paramount Theatre,Apr 7 - Apr 19,https://www.ticketmaster.com/paramount-theatre-tickets-seattle/venue/122980
Les Misérables,"Boise, ID",Morrison Center for the Perf. Arts,Apr 21 - Apr 26,http://www.broadwayinboise.com
Les Misérables,"San Jose, CA",San Jose Center For The Perf. Arts,Apr 29 - May 3,https://www.ticketmaster.com/venue/229426
Les Misérables,"Chicago, IL",Cadillac Palace Theatre,May 12 - May 24,http://www.ticketmaster.com/venue/57562
Les Misérables,"New Haven, CT",Shubert Theatre,Jun 2 - Jun 7,https://www.shubert.com/events
Les Misérables,"Boston, MA",Emerson Colonial Theatre,Jun 9 - Jun 21,https://boston.broadway.com/shows/
The Lion King,"Sacramento, CA",SAFE Credit Union Performing Arts Center,Jan 7 - Jan 25,https://www.broadwaysacramento.com/broadway-on-tour-2/
The Lion King,"Spokane, WA",First Interstate Center for the Arts,Jan 28 - Feb 15,https://www.broadwayspokane.com/events
The Lion King,"Boise, ID",Morrison Center for the Perf. Arts,Feb 18 - Mar 7,http://www.broadwayinboise.com
The Lion King,"Detroit, MI",Detroit Opera House,Mar 12 - Apr 5,http://www.ticketmaster.com/venue/65713
The Lion King,"Grand Rapids, MI",DeVos Hall,Apr 8 - Apr 26,http://www.ticketmaster.com/venue/65699/
The Lion King,"Norfolk, VA",Chrysler Hall,Apr 30 - May 17,https://www.ticketmaster.com/Chrysler-Hall-tickets-Norfolk/venue/8274
The Lion King,"Providence, RI",Providence Performing Arts Center,May 20 - Jun 7,https://www.ppacri.org/events
The Lion King,"Cincinnati, OH",Aronoff Center: Procter & Gamble Hall,Jun 10 - Jul 5,https://www.cincinnatiarts.org/events
The Lion King,"Cleveland, OH",KeyBank State Theatre,Jul 8 - Aug 2,https://www.playhousesquare.org/multicategory/category/broadway
The Lion King,"Montreal, QC",Place Des Arts,Aug 19 - Sep 6,https://www.placedesarts.com/programmation?PDA-production-fr-clone%5Brange%5D%5BdatesTimestamp%5D=1756180800%3A1914033540&PDA-production-fr-clone%5Brange%5D%5BpriceLow%5D=0%3A418&PDA-production-fr-clone%5Brange%5D%5BpriceHigh%5D=0%3A418&PDA-production-fr-clone%5BrefinementList%5D%5Bdiscipline%5D%5B0%5D=Com%C3%A9die%20musicale
Mamma Mia!,"Wilmington, NC",Wilson Center at Cape Fear Community College,Mar 5 - Mar 7,
Mamma Mia!,"Fort Myers, FL",Barbara B. Mann Performing Arts Hall,Mar 10 - Mar 15,https://www.bbmannpah.com/events
Mamma Mia!,"Chattanooga, TN",Memorial Auditorium,Mar 17 - Mar 22,http://www.onstagechattanooga.com/index.php?set=buy_tickets
Mamma Mia!,"Detroit, MI",Fisher Theatre,Mar 24 - Mar 29,https://www.ticketmaster.com/venue/65546
Mamma Mia!,"Charlotte, NC",Blumenthal Center: Belk Theater,Mar 31 - Apr 5,https://www.blumenthalarts.org/events
Mamma Mia!,"Tulsa, OK",Chapman Music Hall At Tulsa PAC,Apr 7 - Apr 12,https://am.ticketmaster.com/tulsapac/buy
Mamma Mia!,"Austin, TX",Bass Concert Hall @ U of TX at Austin,Apr 14 - Apr 19,https://austin.broadway.com/shows/
Mamma Mia!,"Fayetteville, AR",Walton Arts Center,Apr 21 - Apr 26,https://waltonartscenter.org/tickets/calendar/
Mamma Mia!,"Omaha, NE",Orpheum Theater,Apr 28 - May 3,http://www.ticketomaha.com/
Mamma Mia!,"Eugene, OR",Hult Center For The Performing Arts,May 6 - May 10,https://hultcenter.org/events-tickets/
Mamma Mia!,"Edmonton, AB",Northern Alberta Jubilee Auditorium,May 12 - May 17,http://www.ticketmaster.ca/venue/139306
Mamma Mia!,"Calgary, AB",Southern Alberta Jubilee Auditorium,May 19 - May 24,http://www.ticketmaster.ca/venue/139345
Mamma Mia!,"Vancouver, BC",Queen Elizabeth Theatre,May 26 - May 31,http://www.ticketmaster.com/Queen-Elizabeth-Theatre-tickets-Vancouver/venue/139293
Mamma Mia!,"Portland, OR",Keller Auditorium,Jun 2 - Jun 7,https://portland.broadway.com/shows/
Mamma Mia!,"Boise, ID",Morrison Center for the Perf. Arts,Jun 9 - Jun 14,http://www.broadwayinboise.com
Mamma Mia!,"Colorado Springs, CO",Pikes Peak Center,Jun 16 - Jun 21,
Mamma Mia!,"Los Angeles, CA",Ahmanson Theatre,Jun 23 - Jul 19,http://www.centertheatregroup.org/tickets/
Mamma Mia!,"Ottawa, ON",National Arts Centre: Southam Hall,Jul 28 - Aug 2,https://www.ticketmaster.ca/venue/401547
MJ,"Knoxville, TN",Tennessee Theatre,Jan 20 - Jan 25,https://www.ticketmaster.com/tennessee-theatre-tickets-knoxville/venue/222323
MJ,"Atlanta, GA",Fox Theatre,Jan 27 - Feb 1,https://www.foxtheatre.org/events
MJ,"Sarasota, FL",Van Wezel Performing Arts Hall,Feb 3 - Feb 8,https://www.vanwezel.org/events
MJ,"West Palm Beach, FL",Kravis Center For The Performing Arts,Feb 10 - Feb 15,https://www.kravis.org/performance-calendar/
MJ,"Birmingham, AL",Birmingham-Jefferson Concert Hall,Feb 17 - Feb 22,http://www.magicspace.net/birmingham/#.UcykAeusZNE
MJ,"Charlotte, NC",Blumenthal Center: Belk Theater,Feb 24 - Mar 1,https://www.blumenthalarts.org/events
MJ,"Little Rock, AR",Robinson Performance Hall,Mar 3 - Mar 8,http://www.ticketmaster.com/venue/221397
MJ,"North Charleston, SC",North Charleston Coliseum & PAC,Mar 10 - Mar 15,https://www.ticketmaster.com/north-charleston-performing-arts-center-tickets-north-charleston/venue/369120
MJ,"San Francisco, CA",Orpheum Theatre,Mar 24 - Apr 5,https://www.broadwaysf.com/events/
MJ,"Sacramento, CA",SAFE Credit Union Performing Arts Center,Apr 8 - Apr 19,https://www.broadwaysacramento.com/broadway-on-tour-2/
MJ,"Los Angeles, CA",Pantages Theatre,Apr 21 - May 3,https://www.ticketmaster.com/hollywood-pantages-theatre-tickets-los-angeles/venue/90160
MJ,"San Diego, CA",San Diego Civic Theatre,May 5 - May 10,http://www.ticketmaster.com/venue/82007
MJ,"Denver, CO",Buell Theatre,May 13 - May 17,https://www.denvercenter.org/tickets-events/?_event_type=broadway
MJ,"St. Louis, MO",Fox Theatre,May 19 - May 24,https://www.metrotix.com/events/venue/fox-theatre
Moulin Rouge! The Musical,"Vancouver, BC",Queen Elizabeth Theatre,Jan 20 - Jan 25,http://www.ticketmaster.com/Queen-Elizabeth-Theatre-tickets-Vancouver/venue/139293
Moulin Rouge! The Musical,"Boise, ID",Morrison Center for the Perf. Arts,Jan 27 - Feb 1,http://www.broadwayinboise.com
Moulin Rouge! The Musical,"Sacramento, CA",SAFE Credit Union Performing Arts Center,Feb 3 - Feb 7,https://www.broadwaysacramento.com/broadway-on-tour-2/
Moulin Rouge! The Musical,"Sioux Falls, SD",Washington Pavilion,Feb 11 - Feb 15,https://www.washingtonpavilion.org/events/category/broadway/
Moulin Rouge! The Musical,"Jacksonville, FL",Jacksonville Center for the Performing Arts: Moran Theatre,Mar 10 - Mar 15,https://www.fscjartistseries.org/tickets
Moulin Rouge! The Musical,"Miami, FL",Adrienne Arsht Center,Mar 17 - Mar 22,https://www.arshtcenter.org/calendar/
Moulin Rouge! The Musical,"Clearwater, FL",Ruth Eckerd Hall,Apr 1 - Apr 5,
Moulin Rouge! The Musical,"Fort Myers, FL",Barbara B. Mann Performing Arts Hall,Apr 7 - Apr 12,https://www.bbmannpah.com/events
Moulin Rouge! The Musical,"Wallingford, CT",Oakdale Theatre,Apr 15 - Apr 19,
Moulin Rouge! The Musical,"Ottawa, ON",National Arts Centre: Southam Hall,May 12 - May 17,https://www.ticketmaster.ca/venue/401547
Moulin Rouge! The Musical,"Charlotte, NC",Blumenthal Center: Belk Theater,May 26 - May 31,https://www.blumenthalarts.org/events
Moulin Rouge! The Musical,"Schenectady, NY",Proctors,Jun 2 - Jun 7,http://tickets.proctors.org/
Moulin Rouge! The Musical,"Montreal, QC",Place Des Arts,Jun 9 - Jun 14,https://www.placedesarts.com/programmation?PDA-production-fr-clone%5Brange%5D%5BdatesTimestamp%5D=1756180800%3A1914033540&PDA-production-fr-clone%5Brange%5D%5BpriceLow%5D=0%3A418&PDA-production-fr-clone%5Brange%5D%5BpriceHigh%5D=0%3A418&PDA-production-fr-clone%5BrefinementList%5D%5Bdiscipline%5D%5B0%5D=Com%C3%A9die%20musicale
Moulin Rouge! The Musical,"Washington, DC",Opera House,Jun 16 - Jul 5,
Moulin Rouge! The Musical,"Fayetteville, AR",Walton Arts Center,Jul 8 - Jul 12,https://waltonartscenter.org/tickets/calendar/
Moulin Rouge! The Musical,"Houston, TX",Hobby Center For The Perf. Arts,Jul 14 - Jul 19,http://www.thehobbycenter.org/index.php?q=node/133
Moulin Rouge! The Musical,"Dayton, OH",Benjamin & Marian Schuster Performing Arts Center,Jul 22 - Jul 26,https://www.daytonlive.org/events/
Moulin Rouge! The Musical,"Boston, MA",Opera House,Jul 29 - Aug 9,https://boston.broadway.com/shows/
The Notebook,"Los Angeles, CA",Pantages Theatre,Jan 6 - Jan 25,https://www.ticketmaster.com/hollywood-pantages-theatre-tickets-los-angeles/venue/90160
The Notebook,"Costa Mesa, CA",Segerstrom Center for the Arts,Jan 27 - Feb 8,https://www.scfta.org/shows-events
The Notebook,"San Francisco, CA",Orpheum Theatre,Feb 10 - Mar 1,https://www.broadwaysf.com/events/
The Notebook,"Seattle, WA",Paramount Theatre,Mar 3 - Mar 8,https://www.ticketmaster.com/paramount-theatre-tickets-seattle/venue/122980
The Notebook,"Portland, OR",Keller Auditorium,Mar 10 - Mar 15,https://portland.broadway.com/shows/
The Notebook,"Spokane, WA",First Interstate Center for the Arts,Mar 17 - Mar 22,https://www.broadwayspokane.com/events
The Notebook,"Reno, NV",Pioneer Center,Mar 24 - Mar 29,https://www.pioneercenter.com/
The Notebook,"Las Vegas, NV",The Smith Center,Mar 31 - Apr 5,https://thesmithcenter.com/calendar/?categories=Broadway
The Notebook,"Tempe, AZ",ASU Gammage,Apr 7 - Apr 12,https://www.ticketmaster.com/asu-gammage-tickets-tempe/venue/204814
The Notebook,"San Diego, CA",San Diego Civic Theatre,Apr 14 - Apr 19,http://www.ticketmaster.com/venue/82007
The Notebook,"West Palm Beach, FL",Kravis Center For The Performing Arts,Apr 28 - May 3,https://www.kravis.org/performance-calendar/
The Notebook,"Miami, FL",Adrienne Arsht Center,May 5 - May 10,https://www.arshtcenter.org/calendar/
The Notebook,"Orlando, FL",Dr. Phillips Center for the Performing Arts: Walt Disney Theater,May 12 - May 17,https://www.drphillipscenter.org/events/
The Notebook,"Charlotte, NC",Blumenthal Center: Belk Theater,May 19 - May 24,https://www.blumenthalarts.org/events
The Notebook,"Tampa, FL",Straz Center for the Performing Arts,May 26 - May 31,https://www.strazcenter.org/tickets-events/upcoming-broadway/
The Notebook,"Greensboro, NC",Steven Tanger Center for the Performing Arts,Jun 2 - Jun 7,https://www.ticketmaster.com/venue/369803
The Notebook,"Greenville, SC",Peace Center For The Perf. Arts,Jun 9 - Jun 14,https://www.peacecenter.org/events
The Notebook,"Tulsa, OK",Chapman Music Hall At Tulsa PAC,Jun 16 - Jun 21,https://am.ticketmaster.com/tulsapac/buy
The Notebook,"Fort Worth, TX",Bass Performance Hall,Jun 23 - Jun 28,https://www.basshall.com/tickets-events/now-on-sale/
The Notebook,"Durham, NC",Durham Performing Arts Center,Jul 14 - Jul 19,https://www.ticketmaster.com/dpac-durham-performing-arts-center-tickets-durham/venue/369510
The Notebook,"Philadelphia, PA",Academy of Music: Kimmel Center,Jul 21 - Aug 2,https://www.ensembleartsphilly.org/tickets-and-events/events?Genre=Broadway
The Notebook,"Chicago, IL",CIBC Theatre,Aug 4 - Aug 16,http://www.ticketmaster.com/venue/57402/?brand=broadwayi
The Notebook,"Washington, DC",National Theatre,Aug 18 - Aug 30,https://www.broadwayatthenational.com/shows/
The Outsiders,"Memphis, TN",Orpheum Theatre - Memphis,Jan 20 - Jan 25,https://orpheum-memphis.com/events
The Outsiders,"Greenville, SC",Peace Center For The Perf. Arts,Jan 27 - Feb 1,https://www.peacecenter.org/events
The Outsiders,"Charlotte, NC",Blumenthal Center: Belk Theater,Feb 3 - Feb 8,https://www.blumenthalarts.org/events
The Outsiders,"Chicago, IL",Cadillac Palace Theatre,Feb 10 - Feb 22,http://www.ticketmaster.com/venue/57562
The Outsiders,"Des Moines, IA",Des Moines Civic Center,Feb 24 - Mar 1,https://www.desmoinesperformingarts.org/whats-on/list
The Outsiders,"Detroit, MI",Fisher Theatre,Mar 3 - Mar 15,https://www.ticketmaster.com/venue/65546
The Outsiders,"Columbus, OH",Ohio Theatre,Mar 17 - Mar 22,http://www.ticketmaster.com/venue/41027
The Outsiders,"Richmond, VA",Altria Theater,Mar 24 - Mar 29,http://www.altriatheater.com/events
The Outsiders,"Boston, MA",Opera House,Mar 31 - Apr 12,https://boston.broadway.com/shows/
The Outsiders,"Providence, RI",Providence Performing Arts Center,Apr 14 - Apr 19,https://www.ppacri.org/events
The Outsiders,"Knoxville, TN",Tennessee Theatre,Apr 22 - Apr 26,https://www.ticketmaster.com/tennessee-theatre-tickets-knoxville/venue/222323
The Outsiders,"Cleveland, OH",Connor Palace,Apr 28 - May 17,https://www.playhousesquare.org/multicategory/category/broadway
The Outsiders,"Schenectady, NY",Proctors,May 19 - May 24,http://tickets.proctors.org/
The Outsiders,"Philadelphia, PA",Academy of Music: Kimmel Center,May 26 - Jun 7,https://www.ensembleartsphilly.org/tickets-and-events/events?Genre=Broadway
The Outsiders,"Grand Rapids, MI",DeVos Hall,Jun 9 - Jun 14,http://www.ticketmaster.com/venue/65699/
The Outsiders,"Toronto, ON",Princess of Wales,Jun 17 - Jul 26,
The Outsiders,"Washington, DC",Opera House,Jul 28 - Aug 16,
The Outsiders,"Louisville, KY",Kentucky Center For The Perf. Arts,Aug 18 - Aug 23,https://www.kentuckyperformingarts.org/all-shows?venue=1&genre=2&date=undefined
The Outsiders,"Oklahoma City, OK",Civic Center Music Hall,Aug 25 - Aug 30,https://www.okcciviccenter.com/event-calendar/get-tickets
The Outsiders,"Denver, CO",Buell Theatre,Sep 8 - Sep 27,https://www.denvercenter.org/tickets-events/?_event_type=broadway
The Phantom of the Opera,"Chicago, IL",Cadillac Palace Theatre,"Dec 11, 2025 - Feb 1",http://www.ticketmaster.com/venue/57562
The Phantom of the Opera,"Detroit, MI",Detroit Opera House,Feb 4 - Feb 15,http://www.ticketmaster.com/venue/65713
The Phantom of the Opera,"St. Louis, MO",Fox Theatre,Feb 18 - Mar 1,https://www.metrotix.com/events/venue/fox-theatre
The Phantom of the Opera,"New Orleans, LA",Saenger Theatre,Mar 4 - Mar 15,https://www.saengernola.com/events/
The Phantom of the Opera,"Denver, CO",Buell Theatre,Mar 18 - Apr 5,https://www.denvercenter.org/tickets-events/?_event_type=broadway
The Phantom of the Opera,"Salt Lake City, UT",Eccles Theater,Apr 8 - Apr 26,https://saltlakecity.broadway.com/shows/
The Phantom of the Opera,"Portland, OR",Keller Auditorium,Apr 29 - May 10,https://portland.broadway.com/shows/
The Phantom of the Opera,"Seattle, WA",Paramount Theatre,May 13 - May 24,https://www.ticketmaster.com/paramount-theatre-tickets-seattle/venue/122980
The Phantom of the Opera,"San Francisco, CA",Orpheum Theatre,May 28 - Jun 21,https://www.broadwaysf.com/events/
The Phantom of the Opera,"Los Angeles, CA",Pantages Theatre,Jun 24 - Aug 9,https://www.ticketmaster.com/hollywood-pantages-theatre-tickets-los-angeles/venue/90160
The Phantom of the Opera,"Costa Mesa, CA",Segerstrom Center for the Arts,Aug 12 - Aug 30,https://www.scfta.org/shows-events
Shucked,"Toledo, OH",Stranahan Theater And Great Hall,Jan 20 - Jan 25,http://www.ticketmaster.com/venue/65569/
Shucked,"Greensboro, NC",Steven Tanger Center for the Performing Arts,Jan 27 - Feb 1,https://www.ticketmaster.com/venue/369803
Shucked,"Norfolk, VA",Chrysler Hall,Feb 3 - Feb 8,https://www.ticketmaster.com/Chrysler-Hall-tickets-Norfolk/venue/8274
Shucked,"Cincinnati, OH",Aronoff Center: Procter & Gamble Hall,Feb 10 - Feb 22,https://www.cincinnatiarts.org/events
Shucked,"Hartford, CT",Bushnell,Feb 24 - Mar 1,https://bushnell.org/shows-concerts
Shucked,"Toronto, ON",Princess of Wales,Mar 3 - Apr 5,
Shucked,"Columbus, OH",Ohio Theatre,Apr 7 - Apr 12,http://www.ticketmaster.com/venue/41027
Shucked,"Pittsburgh, PA",Benedum Center,Apr 14 - Apr 19,https://trustarts.org/calendar
Shucked,"Philadelphia, PA",Forrest Theatre,Apr 21 - May 3,https://www.forrest-theatre.com/
Shucked,"Midland, MI",Midland Center for the Arts,May 9 - May 10,
Shucked,"Oklahoma City, OK",Civic Center Music Hall,May 12 - May 17,https://www.okcciviccenter.com/event-calendar/get-tickets
Shucked,"Reno, NV",Pioneer Center,May 26 - May 31,https://www.pioneercenter.com/
Shucked,"Las Vegas, NV",The Smith Center,Jun 2 - Jun 7,https://thesmithcenter.com/calendar/?categories=Broadway
SIX: The Musical,"Austin, TX",Bass Concert Hall @ U of TX at Austin,Jan 20 - Jan 25,https://austin.broadway.com/shows/
SIX: The Musical,"Dallas, TX",Music Hall At Fair Park,Jan 27 - Feb 1,http://www.ticketmaster.com/venue/98325/
SIX: The Musical,"Nashville, TN",Tennessee Performing Arts Center,Feb 3 - Feb 8,https://www.tpac.org/events-tickets/
SIX: The Musical,"Fort Worth, TX",Bass Performance Hall,Feb 10 - Feb 15,https://www.basshall.com/tickets-events/now-on-sale/
SIX: The Musical,"Los Angeles, CA",Pantages Theatre,Feb 18 - Mar 8,https://www.ticketmaster.com/hollywood-pantages-theatre-tickets-los-angeles/venue/90160
SIX: The Musical,"Costa Mesa, CA",Segerstrom Center for the Arts,Mar 10 - Mar 15,https://www.scfta.org/shows-events
SIX: The Musical,"Tempe, AZ",ASU Gammage,Mar 17 - Mar 22,https://www.ticketmaster.com/asu-gammage-tickets-tempe/venue/204814
SIX: The Musical,"Omaha, NE",Orpheum Theater,Mar 25 - Mar 29,http://www.ticketomaha.com/
SIX: The Musical,"Midland, TX",Wagner Noel Performing Arts Center,Mar 31 - Apr 1,https://www.etix.com/ticket/v/8363/wagner-no%C3%ABl-performing-arts-center
SIX: The Musical,"El Paso, TX",The Plaza Theatre,Apr 3 - Apr 5,https://www.ticketmaster.com/venue/98962
SIX: The Musical,"Houston, TX",Hobby Center For The Perf. Arts,Apr 7 - Apr 12,http://www.thehobbycenter.org/index.php?q=node/133
SIX: The Musical,"New Orleans, LA",Saenger Theatre,Apr 14 - Apr 19,https://www.saengernola.com/events/
SIX: The Musical,"Memphis, TN",Orpheum Theatre - Memphis,Apr 21 - Apr 26,https://orpheum-memphis.com/events
SIX: The Musical,"Atlanta, GA",Fox Theatre,Apr 28 - May 3,https://www.foxtheatre.org/events
SIX: The Musical,"Greensboro, NC",Steven Tanger Center for the Performing Arts,May 5 - May 10,https://www.ticketmaster.com/venue/369803
SIX: The Musical,"Tampa, FL",Straz Center for the Performing Arts,May 12 - May 17,https://www.strazcenter.org/tickets-events/upcoming-broadway/
SIX: The Musical,"Johnson City, TN",ETSU Martin Center,May 26 - May 28,
SIX: The Musical,"Auburn, AL",Woltosz Theatre at Gogue Performing Arts Center,May 30 - May 31,
SIX: The Musical,"Orlando, FL",Dr. Phillips Center for the Performing Arts: Walt Disney Theater,Jun 2 - Jun 7,https://www.drphillipscenter.org/events/
SIX: The Musical,"Evans, GA",Columbia County Performing Arts Center,Jun 9 - Jun 11,
SIX: The Musical,"Wilmington, NC",Wilson Center at Cape Fear Community College,Jun 12 - Jun 14,
SIX: The Musical,"St. Paul, MN",Ordway Center For The Perf. Arts,Jun 17 - Jun 28,https://boxoffice.ordway.org/online/
Some Like it Hot,"Sarasota, FL",Van Wezel Performing Arts Hall,Jan 21 - Jan 25,https://www.vanwezel.org/events
Some Like it Hot,"Boston, MA",Opera House,Jan 28 - Feb 8,https://boston.broadway.com/shows/
Some Like it Hot,"Toronto, ON",Ed Mirvish Theatre,Feb 10 - Mar 15,
Some Like it Hot,"Fayetteville, AR",Walton Arts Center,Mar 17 - Mar 22,https://waltonartscenter.org/tickets/calendar/
Some Like it Hot,"Houston, TX",Hobby Center For The Perf. Arts,Mar 24 - Mar 29,http://www.thehobbycenter.org/index.php?q=node/133
Some Like it Hot,"Dallas, TX",Music Hall At Fair Park,Mar 31 - Apr 12,http://www.ticketmaster.com/venue/98325/
Some Like it Hot,"Fort Worth, TX",Bass Performance Hall,Apr 14 - Apr 19,https://www.basshall.com/tickets-events/now-on-sale/
Some Like it Hot,"Nashville, TN",Tennessee Performing Arts Center,Apr 21 - Apr 26,https://www.tpac.org/events-tickets/
The Sound of Music,"Huntsville, AL",Von Braun Center,Jan 27 - Feb 1,https://www.vonbrauncenter.com/events-tickets/upcoming-events/
The Sound of Music,"Austin, TX",Bass Concert Hall @ U of TX at Austin,Feb 3 - Feb 8,https://austin.broadway.com/shows/
The Sound of Music,"Chattanooga, TN",Memorial Auditorium,Feb 10 - Feb 15,http://www.onstagechattanooga.com/index.php?set=buy_tickets
The Sound of Music,"Memphis, TN",Orpheum Theatre - Memphis,Feb 17 - Feb 22,https://orpheum-memphis.com/events
The Sound of Music,"Columbus, OH",Ohio Theatre,Feb 24 - Mar 1,http://www.ticketmaster.com/venue/41027
The Sound of Music,"Detroit, MI",Fox Theatre,Mar 5 - Mar 8,http://www.magicspace.net/detroit/#.UcnnSOusZNE
The Sound of Music,"Greensboro, NC",Steven Tanger Center for the Performing Arts,Mar 10 - Mar 15,https://www.ticketmaster.com/venue/369803
The Sound of Music,"Schenectady, NY",Proctors,Mar 17 - Mar 22,http://tickets.proctors.org/
The Sound of Music,"New Haven, CT",Shubert Theatre,Mar 26 - Mar 29,https://www.shubert.com/events
The Sound of Music,"Philadelphia, PA",Academy of Music: Kimmel Center,Mar 31 - Apr 5,https://www.ensembleartsphilly.org/tickets-and-events/events?Genre=Broadway
The Sound of Music,"Atlanta, GA",Fox Theatre,Apr 7 - Apr 12,https://www.foxtheatre.org/events
The Sound of Music,"Cleveland, OH",Connor Palace,Apr 22 - Apr 26,https://www.playhousesquare.org/multicategory/category/broadway
The Sound of Music,"Los Angeles, CA",Pantages Theatre,May 5 - May 24,https://www.ticketmaster.com/hollywood-pantages-theatre-tickets-los-angeles/venue/90160
The Sound of Music,"San Diego, CA",San Diego Civic Theatre,May 26 - May 31,http://www.ticketmaster.com/venue/82007
The Sound of Music,"Costa Mesa, CA",Segerstrom Center for the Arts,Jun 2 - Jun 14,https://www.scfta.org/shows-events
The Sound of Music,"Reno, NV",Pioneer Center,Jul 14 - Jul 19,https://www.pioneercenter.com/
The Sound of Music,"San Jose, CA",San Jose Center For The Perf. Arts,Jul 21 - Jul 26,https://www.ticketmaster.com/venue/229426
The Sound of Music,"Denver, CO",Buell Theatre,Jul 29 - Aug 2,https://www.denvercenter.org/tickets-events/?_event_type=broadway
Spamalot,"Charlotte, NC",Blumenthal Center: Belk Theater,Jan 20 - Jan 25,https://www.blumenthalarts.org/events
Spamalot,"Detroit, MI",Fisher Theatre,Jan 27 - Feb 1,https://www.ticketmaster.com/venue/65546
Spamalot,"Seattle, WA",The 5th Avenue Theatre,Feb 4 - Feb 15,https://www.5thavenue.org/shows/
Spamalot,"Costa Mesa, CA",Segerstrom Center for the Arts,Feb 17 - Feb 22,https://www.scfta.org/shows-events
Spamalot,"Las Vegas, NV",The Smith Center,Feb 24 - Mar 1,https://thesmithcenter.com/calendar/?categories=Broadway
Spamalot,"San Francisco, CA",Golden Gate Theatre,Mar 3 - Mar 22,https://www.broadwaysf.com/events/
Spamalot,"Los Angeles, CA",Pantages Theatre,Mar 24 - Apr 12,https://www.ticketmaster.com/hollywood-pantages-theatre-tickets-los-angeles/venue/90160
Spamalot,"Houston, TX",Hobby Center For The Perf. Arts,Apr 15 - Apr 26,http://www.thehobbycenter.org/index.php?q=node/133
Spamalot,"Fort Worth, TX",Bass Performance Hall,Apr 28 - May 3,https://www.basshall.com/tickets-events/now-on-sale/
Spamalot,"St. Louis, MO",Fox Theatre,May 5 - May 17,https://www.metrotix.com/events/venue/fox-theatre
Spamalot,"Chicago, IL",CIBC Theatre,May 19 - May 31,http://www.ticketmaster.com/venue/57402/?brand=broadwayi
Spamalot,"New Orleans, LA",Saenger Theatre,Jun 2 - Jun 7,https://www.saengernola.com/events/
Spamalot,"St. Paul, MN",Ordway Center For The Perf. Arts,Jun 10 - Jun 14,https://boxoffice.ordway.org/online/
Spamalot,"Fort Wayne, IN",The Embassy Theatre,Jun 16 - Jun 17,http://www.ticketmaster.com/venue/41141
Spamalot,"Lexington, KY",Opera House In Lexington,Jun 19 - Jun 21,
Spamalot,"Portland, ME",Merrill Auditorium,Jun 23 - Jun 25,
Spamalot,"New Brunswick, NJ",State Theatre,Jun 27 - Jun 28,
Spamalot,"San Antonio, TX",H-E-B Performance Hall at Tobin Center,Jul 7 - Jul 8,
Spamalot,"Dallas, TX",AT&T Performing Arts Center,Jul 9 - Jul 12,https://attpac.org/events
Spamalot,"Milwaukee, WI",Uihlein Hall at Marcus Performing Arts Center,Jul 14 - Jul 19,https://www.ticketmaster.com/uihlein-hall-marcus-center-tickets-milwaukee/venue/57493
Spamalot,"Atlanta, GA",Fox Theatre,Jul 21 - Jul 26,https://www.foxtheatre.org/events
Spamalot,"Greenville, SC",Peace Center For The Perf. Arts,Jul 28 - Aug 2,https://www.peacecenter.org/events
Spamalot,"Denver, CO",Buell Theatre,Aug 11 - Aug 23,https://www.denvercenter.org/tickets-events/?_event_type=broadway
Spamalot,"Spokane, WA",First Interstate Center for the Arts,Aug 25 - Aug 26,https://www.broadwayspokane.com/events
Stereophonic,"Cleveland, OH",Connor Palace,Jan 6 - Jan 25,https://www.playhousesquare.org/multicategory/category/broadway
Stereophonic,"Chicago, IL",CIBC Theatre,Jan 27 - Feb 8,http://www.ticketmaster.com/venue/57402/?brand=broadwayi
Stereophonic,"Washington, DC",National Theatre,Feb 10 - Mar 8,https://www.broadwayatthenational.com/shows/
Stereophonic,"Boston, MA",Emerson Colonial Theatre,Mar 10 - Mar 15,https://boston.broadway.com/shows/
Stereophonic,"Durham, NC",Durham Performing Arts Center,Mar 17 - Mar 22,https://www.ticketmaster.com/dpac-durham-performing-arts-center-tickets-durham/venue/369510
Stereophonic,"Waterbury, CT",Palace Theater,Mar 24 - Mar 26,https://mpv.tickets.com/schedule/?agency=PTGV_PLAGENCY_MPV&orgid=45569&_ga=2.34640808.829229827.1634745511-2113445083.1625076254#/?view=list&includePackages=true
Stereophonic,"New Brunswick, NJ",State Theatre,Mar 28 - Mar 29,
Stereophonic,"Kansas City, MO",Kauffman Center for the Perf. Arts,Apr 7 - Apr 12,http://www.kauffmancenter.org
Stereophonic,"Charlotte, NC",Blumenthal Center: Knight Theater,Apr 15 - Apr 26,https://www.blumenthalarts.org/events
Stereophonic,"Tampa, FL",Straz Center for the Performing Arts,Apr 28 - May 3,https://www.strazcenter.org/tickets-events/upcoming-broadway/
Stereophonic,"Dallas, TX",AT&T Performing Arts Center,May 8 - May 10,https://attpac.org/events
Suffs,"Providence, RI",Providence Performing Arts Center,Jan 20 - Jan 25,https://www.ppacri.org/events
Suffs,"Hartford, CT",Bushnell,Jan 27 - Feb 1,https://bushnell.org/shows-concerts
Suffs,"Cleveland, OH",Connor Palace,Feb 3 - Feb 22,https://www.playhousesquare.org/multicategory/category/broadway
Suffs,"Greenville, SC",Peace Center For The Perf. Arts,Feb 24 - Mar 1,https://www.peacecenter.org/events
Suffs,"Nashville, TN",Tennessee Performing Arts Center,Mar 3 - Mar 8,https://www.tpac.org/events-tickets/
Suffs,"Charlotte, NC",Blumenthal Center: Belk Theater,Mar 10 - Mar 15,https://www.blumenthalarts.org/events
Suffs,"Boston, MA",Emerson Colonial Theatre,Mar 17 - Mar 29,https://boston.broadway.com/shows/
Suffs,"Dayton, OH",Benjamin & Marian Schuster Performing Arts Center,Mar 31 - Apr 5,https://www.daytonlive.org/events/
Suffs,"Minneapolis, MN",Orpheum Theatre,Apr 7 - Apr 12,http://www.ticketmaster.com/venue/49292
Suffs,"Detroit, MI",Fisher Theatre,Apr 14 - Apr 26,https://www.ticketmaster.com/venue/65546
Suffs,"Des Moines, IA",Des Moines Civic Center,Apr 28 - May 3,https://www.desmoinesperformingarts.org/whats-on/list
Suffs,"Lincoln, NE",Lied Center For Performing Arts,May 5 - May 10,https://www.liedcenter.org/events-page
Suffs,"Cincinnati, OH",Aronoff Center: Procter & Gamble Hall,May 12 - May 17,https://www.cincinnatiarts.org/events
Suffs,"Baltimore, MD",Hippodrome Theatre,May 26 - May 31,https://baltimore.broadway.com/shows/
Suffs,"Buffalo, NY",Shea's Performing Arts Center,Jun 2 - Jun 7,http://www.ticketmaster.com/venue/160
Suffs,"Rochester, NY",Auditorium Theatre,Jun 9 - Jun 14,http://www.ticketmaster.com/venue/164/?search_redirect=aud%20theatre&tm_link=tm_header_search
Suffs,"Washington, DC",National Theatre,Jun 16 - Jun 28,https://www.broadwayatthenational.com/shows/
Suffs,"Chicago, IL",CIBC Theatre,Jul 7 - Jul 19,http://www.ticketmaster.com/venue/57402/?brand=broadwayi
Suffs,"Pittsburgh, PA",Benedum Center,Jul 21 - Jul 26,https://trustarts.org/calendar
Suffs,"Fort Worth, TX",Bass Performance Hall,Aug 4 - Aug 9,https://www.basshall.com/tickets-events/now-on-sale/
Wicked,"Pittsburgh, PA",Benedum Center,Jan 14 - Feb 15,https://trustarts.org/calendar
Wicked,"Rochester, NY",Auditorium Theatre,Feb 18 - Mar 1,http://www.ticketmaster.com/venue/164/?search_redirect=aud%20theatre&tm_link=tm_header_search
Wicked,"Providence, RI",Providence Performing Arts Center,Mar 4 - Mar 22,https://www.ppacri.org/events
Wicked,"Columbia, SC",Koger Center For The Arts,Mar 25 - Apr 5,
Wicked,"Little Rock, AR",Robinson Performance Hall,Apr 8 - Apr 19,http://www.ticketmaster.com/venue/221397
Wicked,"Springfield, MO",Hammons Hall,Apr 22 - May 3,
Wicked,"Dallas, TX",Music Hall At Fair Park,May 6 - Jun 14,http://www.ticketmaster.com/venue/98325/
Wicked,"Omaha, NE",Orpheum Theater,Jun 17 - Jul 5,http://www.ticketomaha.com/
Wicked,"Minneapolis, MN",Orpheum Theatre,Jul 8 - Aug 9,http://www.ticketmaster.com/venue/49292
Wicked,"Kansas City, MO",Municipal Auditorium Music Hall,Aug 12 - Aug 30,http://www.ticketmaster.com/venue/49167
Wicked,"Des Moines, IA",Des Moines Civic Center,Sep 2 - Sep 20,https://www.desmoinesperformingarts.org/whats-on/list
Wicked,"Greensboro, NC",Steven Tanger Center for the Performing Arts,Nov 18 - Dec 6,https://www.ticketmaster.com/venue/369803
The Wiz,"Costa Mesa, CA",Segerstrom Center for the Arts,Jan 13 - Jan 25,https://www.scfta.org/shows-events
The Wiz,"San Jose, CA",San Jose Center For The Perf. Arts,Jan 27 - Feb 1,https://www.ticketmaster.com/venue/229426
The Wiz,"Portland, OR",Keller Auditorium,Feb 3 - Feb 8,https://portland.broadway.com/shows/
The Wiz,"Seattle, WA",Paramount Theatre,Feb 10 - Feb 15,https://www.ticketmaster.com/paramount-theatre-tickets-seattle/venue/122980
The Wiz,"El Paso, TX",The Plaza Theatre,Feb 18 - Feb 22,https://www.ticketmaster.com/venue/98962
The Wiz,"Cincinnati, OH",Aronoff Center: Procter & Gamble Hall,Mar 3 - Mar 15,https://www.cincinnatiarts.org/events
The Wiz,"Indianapolis, IN",Clowes Memorial Hall,Mar 17 - Mar 22,http://www.ticketmaster.com/venue/41111/?search_redirect=clowes%20memorial%20hall&tm_link=tm_header_search
The Wiz,"Milwaukee, WI",Uihlein Hall at Marcus Performing Arts Center,Mar 24 - Mar 29,https://www.ticketmaster.com/uihlein-hall-marcus-center-tickets-milwaukee/venue/57493
The Wiz,"Washington, DC",National Theatre,Apr 7 - Apr 12,https://www.broadwayatthenational.com/shows/
The Wiz,"North Charleston, SC",North Charleston Coliseum & PAC,Apr 14 - Apr 19,https://www.ticketmaster.com/north-charleston-performing-arts-center-tickets-north-charleston/venue/369120
The Wiz,"Richmond, VA",Altria Theater,Apr 21 - Apr 26,http://www.altriatheater.com/events
The Wiz,"Chattanooga, TN",Memorial Auditorium,Apr 28 - May 3,http://www.onstagechattanooga.com/index.php?set=buy_tickets
The Wiz,"Tulsa, OK",Chapman Music Hall At Tulsa PAC,May 5 - May 10,https://am.ticketmaster.com/tulsapac/buy
The Wiz,"Austin, TX",Bass Concert Hall @ U of TX at Austin,May 12 - May 17,https://austin.broadway.com/shows/
The Wiz,"Oklahoma City, OK",Civic Center Music Hall,May 19 - May 24,https://www.okcciviccenter.com/event-calendar/get-tickets
The Wiz,"Toledo, OH",Stranahan Theater And Great Hall,May 26 - May 31,http://www.ticketmaster.com/venue/65569/
